INSERT INTO reference.article VALUES (973217, 1, 'Hospital debt management and cost reimbursement', '1976-01-01', NULL, '[{"ForeName": "F R", "LastName": "Blume"}]', '7509107', '{"Issue": "1", "Volume": "3"}', NULL, '[{"IdType": "pubmed", "ArticleId": "233222"}, {"IdType": "pmc", "ArticleId": "PMC2279433"}]', false, '2018-03-02 20:16:17.136638+00', '2018-03-02 20:16:17.136638+00');
INSERT INTO reference.article VALUES (1669026, 1, '150th Anniversary Celebration of the Royal Academy of Medicine of Belgium. Part 1. Bruxelles, 26-28 September 1991', '1991-01-01', NULL, '[]', '7608462', '{"Issue": null, "Volume": "Anniv No Pt 1"}', NULL, '[{"IdType": "pubmed", "ArticleId": "233222"}, {"IdType": "pmc", "ArticleId": "PMC2279433"}]',  true, '2018-03-02 20:16:17.136638+00', '2018-03-02 20:16:17.136638+00');
INSERT INTO reference.article VALUES (1875346, 1, '3-Hydroxy-3-methylglutaryl-coenzyme a reductase inhibitors. 7. Modification of the hexahydronaphthalene moiety of simvastatin: 5-oxygenated and 5-oxa derivatives', '1991-08-01', NULL, '[{"ForeName": "M E", "LastName": "Duggan"}, {"ForeName": "A W", "LastName": "Alberts"}, {"ForeName": "R", "LastName": "Bostedor"}, {"ForeName": "Y S", "LastName": "Chao"}, {"ForeName": "J I", "LastName": "Germershausen"}, {"ForeName": "J L", "LastName": "Gilfillan"}, {"ForeName": "W", "LastName": "Halczenko"}, {"ForeName": "G D", "LastName": "Hartman"}, {"ForeName": "V", "LastName": "Hunt"}, {"ForeName": "J S", "LastName": "Imagire"}]', '9716531', '{"Issue": "8", "Volume": "34"}', NULL, '[{"IdType": "pubmed", "ArticleId": "233222"}, {"IdType": "pmc", "ArticleId": "PMC2279433"}]', false, '2018-03-02 20:16:17.136638+00', '2018-03-02 20:16:17.136638+00');
INSERT INTO reference.article VALUES (3549656, 1, 'Semisynthetic beta-lactam antibiotics. III. Effect on antibacterial activity and comt-susceptibility of chlorine-introduction into the catechol nucleus of 6-[(R)-2-[3-(3,4-dihydroxybenzoyl)-3-(3-hydroxypropyl)-1-ureido]-2- phenylacetamido]penicillanic acid', '1987-01-01', NULL, '[{"ForeName": "N", "LastName": "Ohi"}, {"ForeName": "B", "LastName": "Aoki"}, {"ForeName": "T", "LastName": "Kuroki"}, {"ForeName": "M", "LastName": "Matsumoto"}, {"ForeName": "K", "LastName": "Kojima"}, {"ForeName": "T", "LastName": "Nehashi"}]', '0151115', '{"Issue": "1", "Volume": "40"}', NULL, '[{"IdType": "pubmed", "ArticleId": "233222"}, {"IdType": "pmc", "ArticleId": "PMC2279433"}]', false, '2018-03-02 20:16:17.136638+00', '2018-03-02 20:16:17.136638+00');
INSERT INTO reference.article VALUES (33584, 1, 'Early, late and distant results of surgical treatment of cryptorchism', '1978-01-01', NULL, '[{"ForeName": "C", "LastName": "Markiewicz"}, {"ForeName": "I", "LastName": "Mazurkiewicz"}, {"ForeName": "T", "LastName": "Marcinkowski"}]', '7506854', '{"Issue": null, "Volume": "24", "Pagination": "361-72", "CitedMedium": "Print", "VernacularTitle": "Wczesne, późne i odległe wyniki operacyjnego leczenia jader niezstapionych."}', NULL, '[{"IdType": "pubmed", "ArticleId": "233222"}, {"IdType": "pmc", "ArticleId": "PMC2279433"}]', true, '2018-04-02 22:27:22.307535+00', '2018-04-02 22:27:22.307535+00');

INSERT INTO reference.mesh VALUES ('D000066', 'Accounting', '2018-02-16 16:42:20.041486+00', '2018-02-16 16:42:20.041486+00');
INSERT INTO reference.mesh VALUES ('D004469', 'Economics, Hospital', '2018-02-16 16:42:20.041486+00', '2018-02-16 16:42:20.041486+00');
INSERT INTO reference.mesh VALUES ('D006739', 'Hospital Administration', '2018-02-16 16:42:20.041486+00', '2018-02-16 16:42:20.041486+00');
INSERT INTO reference.mesh VALUES ('D014481', 'United States', '2018-02-16 16:42:20.041486+00', '2018-02-16 16:42:20.041486+00');
INSERT INTO reference.mesh VALUES ('D000047', 'Academies and Institutes', '2018-02-16 16:42:20.041486+00', '2018-02-16 16:42:20.041486+00');
INSERT INTO reference.mesh VALUES ('D001530', 'Belgium', '2018-02-16 16:42:20.041486+00', '2018-02-16 16:42:20.041486+00');
INSERT INTO reference.mesh VALUES ('D000085', 'Acetates', '2018-02-16 16:42:20.041486+00', '2018-02-16 16:42:20.041486+00');
INSERT INTO reference.mesh VALUES ('D000818', 'Animals', '2018-02-16 16:42:20.041486+00', '2018-02-16 16:42:20.041486+00');
INSERT INTO reference.mesh VALUES ('D000924', 'Anticholesteremic Agents', '2018-02-16 16:42:20.041486+00', '2018-02-16 16:42:20.041486+00');
INSERT INTO reference.mesh VALUES ('D055598', 'Chemical Phenomena', '2018-02-16 16:42:20.041486+00', '2018-02-16 16:42:20.041486+00');
INSERT INTO reference.mesh VALUES ('D002621', 'Chemistry', '2018-02-16 16:42:20.041486+00', '2018-02-16 16:42:20.041486+00');

INSERT INTO reference.chemical_compound VALUES ('C070477', '6-(2-(8-(2,2-dimethylbutyryl)oxy)-2,6-dimethyl-5-hydroxy-1,2,3,4,4a,5,6,7,8,8a-decahydronaphthyl-1-ethyl)-4-hydroxy-3,4,5,6-tetrahydro-2H-pyran-2-one', '2018-02-16 16:42:20.041486+00', '2018-02-16 16:42:20.041486+00');
INSERT INTO reference.chemical_compound VALUES ('D000085', 'Acetates', '2018-02-16 16:42:20.041486+00', '2018-02-16 16:42:20.041486+00');
INSERT INTO reference.chemical_compound VALUES ('D000924', 'Anticholesteremic Agents', '2018-02-16 16:42:20.041486+00', '2018-02-16 16:42:20.041486+00');
INSERT INTO reference.chemical_compound VALUES ('D019161', 'Hydroxymethylglutaryl-CoA Reductase Inhibitors', '2018-02-16 16:42:20.041486+00', '2018-02-16 16:42:20.041486+00');
INSERT INTO reference.chemical_compound VALUES ('D002784', 'Cholesterol', '2018-02-16 16:42:20.041486+00', '2018-02-16 16:42:20.041486+00');
INSERT INTO reference.chemical_compound VALUES ('D008148', 'Lovastatin', '2018-02-16 16:42:20.041486+00', '2018-02-16 16:42:20.041486+00');
INSERT INTO reference.chemical_compound VALUES ('D019821', 'Simvastatin', '2018-02-16 16:42:20.041486+00', '2018-02-16 16:42:20.041486+00');
INSERT INTO reference.chemical_compound VALUES ('D010100', 'Oxygen', '2018-02-16 16:42:20.041486+00', '2018-02-16 16:42:20.041486+00');
INSERT INTO reference.chemical_compound VALUES ('D000900', 'Anti-Bacterial Agents', '2018-02-16 16:42:20.041486+00', '2018-02-16 16:42:20.041486+00');
INSERT INTO reference.chemical_compound VALUES ('D065098', 'Catechol O-Methyltransferase Inhibitors', '2018-02-16 16:42:20.041486+00', '2018-02-16 16:42:20.041486+00');
INSERT INTO reference.chemical_compound VALUES ('D007202', 'Indicators and Reagents', '2018-02-16 16:42:20.041486+00', '2018-02-16 16:42:20.041486+00');

INSERT INTO reference.article_chemical_compound VALUES (1875346, 'C070477');
INSERT INTO reference.article_chemical_compound VALUES (1875346, 'D000085');
INSERT INTO reference.article_chemical_compound VALUES (1875346, 'D000924');
INSERT INTO reference.article_chemical_compound VALUES (1875346, 'D019161');
INSERT INTO reference.article_chemical_compound VALUES (1875346, 'D002784');
INSERT INTO reference.article_chemical_compound VALUES (1875346, 'D008148');
INSERT INTO reference.article_chemical_compound VALUES (1875346, 'D019821');
INSERT INTO reference.article_chemical_compound VALUES (1875346, 'D010100');
INSERT INTO reference.article_chemical_compound VALUES (3549656, 'D000900');
INSERT INTO reference.article_chemical_compound VALUES (3549656, 'D065098');
INSERT INTO reference.article_chemical_compound VALUES (3549656, 'D007202');

INSERT INTO reference.mesh_article VALUES (973217, 'D000066');
INSERT INTO reference.mesh_article VALUES (973217, 'D004469');
INSERT INTO reference.mesh_article VALUES (973217, 'D006739');
INSERT INTO reference.mesh_article VALUES (973217, 'D014481');
INSERT INTO reference.mesh_article VALUES (1669026, 'D000047');
INSERT INTO reference.mesh_article VALUES (1669026, 'D001530');
INSERT INTO reference.mesh_article VALUES (1875346, 'D000085');
INSERT INTO reference.mesh_article VALUES (1875346, 'D000818');
INSERT INTO reference.mesh_article VALUES (1875346, 'D000924');
INSERT INTO reference.mesh_article VALUES (1875346, 'D055598');
INSERT INTO reference.mesh_article VALUES (1875346, 'D002621');

INSERT INTO reference.abstract_article VALUES (973217, 1, '[]', '2018-02-27 00:02:53.593665+00', '2018-02-27 00:02:53.593665+00');
INSERT INTO reference.abstract_article VALUES (1669026, 1, '[]', '2018-02-27 00:02:53.593665+00', '2018-02-27 00:02:53.593665+00');
INSERT INTO reference.abstract_article VALUES (1875346, 1, '[{"Label": null, "Abstract": "Modification of the hexahydronaphthalene ring 5-position in simvastatin 2a via oxygenation and oxa replacement afforded two series of derivatives which were evaluated in vitro for inhibition of 3-hydroxy-3-methylglutaryl-coenzyme A reductase and acutely in vivo for oral effectiveness as inhibitors of cholesterogenesis in the rat. Of the compounds selected for further biological evaluation, the 6 beta-methyl-5-oxa 10 and 5 alpha-hydroxy 16 derivatives of 3,4,4a,5-tetrahydro 2a, as well as, the 6 beta-epimer 14 of 16 proved orally active as hypocholesterolemic agents in cholestyramine-primed dogs. Subsequent acute oral metabolism studies in dogs demonstrated that compounds 14 and 16 evoke lower peak plasma drug activity and area-under-the-curve values than does compound 10 and led to the selection of 14 and 16 for toxicological evaluation.", "Category": null}]', '2018-02-27 00:02:53.593665+00', '2018-02-27 00:02:53.593665+00');
INSERT INTO reference.abstract_article VALUES (3549656, 1, '[{"Label": null, "Abstract": "The resistance of 6-[(R)-2-[3-(3,4-dihydroxybenzoyl)-3-(3-hydroxypropyl)-1-ureido]-2- phenylacetamido]penicillanic acid (1a) to metabolism by catechol-O-methyl-transferase (COMT) was increased by introduction of the chlorine atom into the catechol moiety. Penicillins (1b-1d) having one or two chlorine atoms at the positions adjacent to the hydroxyl group were found to have greater stability to COMT. This resulted in greater efficiency in vivo in experimental Pseudomonas aeruginosa and Escherichia coli infections. In vitro activities were essentially unchanged.", "Category": null}]', '2018-02-27 00:02:53.593665+00', '2018-02-27 00:02:53.593665+00');

INSERT INTO reference.journal VALUES ('7509107', 'Topics in health care financing', '0095-3814', NULL, 'Top Health Care Financ', 'Top Health Care Financ', '7764', '1974', '1994', '0', '{"Alias": ["TOP HEALTH CARE FINANC", "Topics in health care financing"]}', 'JCache/Entrez', '2018-04-04 05:33:23.835097+00', '2018-04-04 05:33:23.835097+00');
INSERT INTO reference.journal VALUES ('9716531', 'Journal of medicinal chemistry', '0022-2623', '1520-4804', 'J. Med. Chem.', 'J Med Chem', '4938', '1963', NULL, '1', '{"Alias": ["J MED CHEM", "Journal of medicinal chemistry"]}', 'JCache/Entrez', '2018-04-04 05:33:23.303309+00', '2018-04-04 05:33:23.303309+00');
INSERT INTO reference.journal VALUES ('0151115', 'The Journal of antibiotics', '0021-8820', NULL, 'J. Antibiot.', 'J Antibiot (Tokyo)', '4490', '1953', NULL, '1', '{"Alias": ["J ANTIBIOT (TOKYO", "J Antibiot [A] (Tokyo", "J. Antibiotics, Ser. A, Tokyo", "Journal of antibiotics", "The Journal of antibiotics"]}', 'JCache/Entrez', '2018-04-04 05:33:23.303309+00', '2018-04-04 05:33:23.303309+00');
INSERT INTO reference.journal VALUES ('7608462', 'Bulletin et memoires de l''Academie royale de medecine de Belgique', '0377-8231', NULL, 'Bull. Mem. Acad. R. Med. Belg.', 'Bull Mem Acad R Med Belg', '2340', '1975', NULL, '0', '{"Alias": ["BULL MEM ACAD R MED BELG", "Bulletin et memoires de l''Academie royale de medecine de Belgique", "Tableau de l''Academie et programme des concours"]}', 'JCache/Entrez', '2018-04-04 05:33:23.303309+00', '2018-04-04 05:33:23.303309+00');
INSERT INTO reference.journal VALUES ('7506854', 'Annales Academiae Medicae Stetinensis', '1427-440X', NULL, 'Ann Acad Med Stetin', 'Ann Acad Med Stetin', '548', '1963', '2014', '0', '{"Alias": ["ANN ACAD MED STETIN", "Annales Academiae Medicae Stetinensis", "ROCZ POMOR AKAD MED", "Roczniki Pomorskiej Akademii Medycznej im. Gen. Karola Swierczewskiego w Szczecinie", "Roczniki Pomorskiej Akademii Medycznej im. Gen. Karola Swierczewskiego w Szczecinie", "Roczniki Pomorskiej Akademii Medycznej w Szczecinie"]}', 'JCache/Entrez', '2018-04-04 05:33:23.303309+00', '2018-04-04 05:33:23.303309+00');

INSERT INTO reference.global_search VALUES (973217, '''blume'':7C ''care'':11 ''cost'':5A ''debt'':2A ''financ'':12 ''health'':10 ''hospit'':1A ''manag'':3A ''reimburs'':6A ''topic'':8');
INSERT INTO reference.global_search VALUES (1669026, '''-28'':16A ''1'':13A ''150th'':1A ''1991'':18A ''26'':15A ''academi'':7A,24 ''anniversari'':2A ''belgiqu'':29 ''belgium'':11A ''bruxell'':14A ''bulletin'':19 ''celebr'':3A ''de'':22,26,28 ''et'':20 ''l'':23 ''medecin'':27 ''medicin'':9A ''memoir'':21 ''part'':12A ''royal'':6A,25 ''septemb'':17A');
INSERT INTO reference.global_search VALUES (1875346, '''-3'':3A ''3'':1A ''5'':18A,21A ''7'':10A ''albert'':25C ''bostedor'':26C ''chao'':27C ''chemistri'':37 ''coenzym'':6A ''deriv'':23A ''duggan'':24C ''germershausen'':28C ''gilfillan'':29C ''halczenko'':30C ''hartman'':31C ''hexahydronaphthalen'':14A ''hunt'':32C ''hydroxi'':2A ''imagir'':33C ''inhibitor'':9A ''journal'':34 ''medicin'':36 ''methylglutaryl'':5A ''methylglutaryl-coenzym'':4A ''modif'':11A ''moieti'':15A ''oxa'':22A ''oxygen'':19A ''reductas'':8A ''simvastatin'':17A');
INSERT INTO reference.global_search VALUES (3549656, '''-1'':34A ''-2'':26A,36A ''-3'':31A ''3'':27A,28A,32A ''4'':29A ''6'':24A ''acid'':39A ''activ'':10A ''antibacteri'':9A ''antibiot'':5A,49 ''aoki'':41C ''beta'':3A ''beta-lactam'':2A ''catechol'':21A ''chlorin'':17A ''chlorine-introduct'':16A ''comt'':13A ''comt-suscept'':12A ''dihydroxybenzoyl'':30A ''effect'':7A ''hydroxypropyl'':33A ''iii'':6A ''introduct'':18A ''journal'':47 ''kojima'':44C ''kuroki'':42C ''lactam'':4A ''matsumoto'':43C ''nehashi'':45C ''nucleus'':22A ''ohi'':40C ''penicillan'':38A ''phenylacetamido'':37A ''r'':25A ''semisynthet'':1A ''suscept'':14A ''ureido'':35A');

INSERT INTO reference.update_database VALUES ('cc7fd55a-227b-47bc-8665-8eb46dcaa215', 'pubmed18n0929', 929, 'ERROR', NULL, '2018-03-20 21:12:07.315854+00', '2018-03-20 21:12:07.315854+00', NULL, NULL);
INSERT INTO reference.update_database VALUES ('1f87bf6b-3a58-4850-9786-37fe36c1cdf6', 'pubmed18n0930', 930, 'COMPLETE', NULL, '2018-03-20 21:15:56.607912+00', '2018-03-20 21:15:56.607912+00', '{"deleted": 0, "updated": 0, "inserted": 30000}', NULL);
INSERT INTO reference.update_database VALUES ('2bee2d96-d738-4592-9391-6d85c555fe41', 'pubmed18n0931', 931, 'COMPLETE', NULL, '2018-03-20 21:22:33.685644+00', '2018-03-20 21:22:33.685644+00', '{"deleted": 0, "updated": 0, "inserted": 27591}', NULL);

INSERT INTO reference.article_versions VALUES (973217, 1, 'Mortality and morbidity burden associated with A/H1N1pdm influenza virus', '2009-08-26', NULL, '[{"ForeName": "Mark", "LastName": "Miller"}, {"ForeName": "Cecile", "LastName": "Viboud"}, {"ForeName": "Lone", "LastName": "Simonsen"}, {"ForeName": "Donald R", "LastName": "Olson"}, {"ForeName": "Colin", "LastName": "Russell"}]', '7509107', '{"Issue": null, "Volume": "1", "Pagination": "RRN1013", "CitedMedium": "Internet", "ELocationIDs": [{"EIdType": "doi", "ValidYN": "Y", "ELocationID": "10.1371/currents.RRN1013"}]}', NULL, '[{"IdType": "pubmed", "ArticleId": "20029607"}, {"IdType": "pii", "ArticleId": "k/-/-/1y43omtho1mv6/3"}, {"IdType": "pmc", "ArticleId": "PMC2762375.1"}]', false, '2018-04-04 05:36:51.050544+00', '2018-04-04 05:36:51.050544+00');
INSERT INTO reference.article_versions VALUES (1669026, 1, 'Purification and characterization of GAD65-specific monoclonal autoantibodies', '2015-01-01', NULL, '[{"ForeName": "Wei", "LastName": "Jiang"}, {"ForeName": "Henriette", "LastName": "Macmillan"}, {"ForeName": "Anne-Marie", "LastName": "Madec"}, {"ForeName": "Elizabeth D", "LastName": "Mellins"}]', '7608462', '{"Issue": null, "Volume": "4", "Pagination": "135", "CitedMedium": "Print", "ELocationIDs": [{"EIdType": "doi", "ValidYN": "Y", "ELocationID": "10.12688/f1000research.6467.1"}]}', '{"Owner": "NOTNLM", "Keywords": [{"Keyword": "GAD65-specific", "MajorTopicYN": "N"}, {"Keyword": "affinity purification", "MajorTopicYN": "N"}, {"Keyword": "autoantibody production", "MajorTopicYN": "N"}, {"Keyword": "monoclonal autoantibody", "MajorTopicYN": "N"}]}', '[{"IdType": "pubmed", "ArticleId": "29167731"}, {"IdType": "doi", "ArticleId": "10.12688/f1000research.6467.1"}, {"IdType": "pmc", "ArticleId": "PMC5680538"}]', false, '2018-04-04 05:59:33.763588+00', '2018-04-04 05:59:33.763588+00');